timestamp,Current_R,Current_G,Current_B,R,G,B,luminosity
03:00:07.769439,1,0,0,76.800003,16.0,0.0,0.258
03:00:09.769714,0,1,0,153.600006,472.0,10.4,2.3736
03:00:11.770111,0,0,1,0.0,40.0,124.800003,0.9288
03:00:16.270843,2,0,0,230.399994,48.0,0.0,0.6708
03:00:18.271179,0,2,0,345.600006,952.0,41.599998,4.8676
03:00:20.271484,0,0,2,0.0,104.0,286.0,2.3048
03:00:24.272094,3,0,0,345.600006,96.0,10.4,1.1266
03:00:26.272430,0,3,0,499.200012,1408.0,72.800003,7.2928
03:00:28.272827,0,0,3,0.0,168.0,488.799988,3.7152
03:00:32.273468,4,0,0,499.200012,136.0,0.0,1.6598
03:00:34.273834,0,4,0,691.200012,1880.0,104.0,9.6836
03:00:36.274108,0,0,4,0.0,244.0,686.400024,5.203
03:00:40.274841,5,0,0,710.400024,176.0,0.0,2.1844
03:00:42.275115,0,5,0,844.799988,2288.0,130.0,11.9626
03:00:44.275451,0,0,5,19.200001,312.0,894.400024,6.6736
03:00:48.276031,6,0,0,844.799988,216.0,0.0,2.7004
03:00:50.276397,0,6,0,998.400024,2688.0,156.0,14.1212
03:00:52.276733,0,0,6,38.400002,384.0,1071.199951,8.1356
03:00:56.277557,7,0,0,1036.800049,272.0,0.0,3.268
03:00:58.277801,0,7,0,1094.400024,3072.0,176.800003,16.2798
03:01:00.278137,0,0,7,38.400002,456.0,1268.800049,9.546
03:01:04.278778,8,0,0,1228.800049,312.0,0.0,3.827
03:01:06.279144,0,8,0,1228.800049,3504.0,202.800003,18.49
03:01:08.279693,0,0,8,57.599998,512.0,1466.400024,10.9908
03:01:12.280181,9,0,0,1401.599976,368.0,0.0,4.3774
03:01:14.280426,0,9,0,1344.0,3864.0,228.800003,20.4508
03:01:16.280761,0,0,9,38.400002,584.0,1653.599976,12.4356
03:01:20.281463,10,0,0,1574.400024,408.0,0.0,4.945
03:01:22.281799,0,10,0,1478.400024,4224.0,270.399994,22.368601
03:01:24.282104,0,0,10,57.599998,648.0,1851.199951,13.8116
03:01:28.282806,11,0,0,1747.199951,456.0,0.0,5.4868
03:01:30.283325,0,11,0,1612.800049,4552.0,280.799988,24.312201
03:01:32.283477,0,0,11,38.400002,716.0,2028.0,15.2306
03:01:36.284088,12,0,0,1920.0,520.0,0.0,6.0544
03:01:38.284393,0,12,0,1689.599976,4904.0,301.600006,26.2558
03:01:40.284729,0,0,12,86.400002,784.0,2204.800049,16.555
03:01:44.285491,13,0,0,2150.399902,560.0,0.0,6.6564
03:01:46.285919,0,13,0,1843.199951,5208.0,332.799988,28.079
03:01:48.286163,0,0,13,96.0,856.0,2371.199951,17.913799
03:01:52.286987,14,0,0,2304.0,592.0,10.4,7.2068
03:01:54.287170,0,14,0,1920.0,5528.0,348.399994,29.764601
03:01:56.287506,0,0,14,96.0,916.0,2568.800049,19.264
03:02:00.288177,15,0,0,2457.600098,648.0,0.0,7.7486
03:02:02.288604,0,15,0,2035.199951,5856.0,369.200012,31.6222
03:02:04.288940,0,0,15,115.199997,972.0,2745.600098,20.493799
03:02:08.289672,16,0,0,2611.199951,696.0,0.0,8.342
03:02:10.289978,0,16,0,2102.399902,6168.0,395.200012,33.299198
03:02:12.290344,0,0,16,134.399994,1032.0,2901.600098,21.732201
03:02:16.290985,17,0,0,2822.399902,728.0,0.0,8.9096
03:02:18.291351,0,17,0,2208.0,6456.0,421.200012,35.062199
03:02:20.291778,0,0,17,134.399994,1092.0,3088.800049,23.013599
03:02:24.292419,18,0,0,2995.199951,792.0,5.2,9.5116
03:02:26.292755,0,18,0,2284.800049,6748.0,447.200012,36.790798
03:02:28.293060,0,0,18,115.199997,1152.0,3260.399902,24.329399
03:02:32.293762,19,0,0,3196.800049,840.0,0.0,10.0792
03:02:34.294128,0,19,0,2419.199951,7040.0,478.399994,38.364601
03:02:36.294403,0,0,19,153.600006,1200.0,3432.0,25.593599
03:02:40.295135,20,0,0,3360.0,864.0,0.0,10.6296
03:02:42.295562,0,20,0,2486.399902,7328.0,483.600006,40.050201
03:02:44.295776,0,0,20,153.600006,1264.0,3598.399902,26.8578
03:02:48.296508,21,0,0,3552.0,920.0,0.0,11.1628
03:02:50.296813,0,21,0,2572.800049,7616.0,504.399994,41.7444
03:02:52.297180,0,0,21,134.399994,1308.0,3770.0,28.087601
03:02:56.297882,22,0,0,3724.800049,976.0,5.2,11.7562
03:02:58.298217,0,22,0,2630.399902,7896.0,540.799988,43.266602
03:03:00.298522,0,0,22,153.600006,1384.0,3936.399902,29.2658
03:03:04.299255,23,0,0,3897.600098,1016.0,5.2,12.341
03:03:06.299560,0,23,0,2716.800049,8144.0,561.599976,44.720001
03:03:08.299926,0,0,23,172.800003,1432.0,4097.600098,30.5128
03:03:12.300598,24,0,0,4089.600098,1064.0,0.0,12.9086
03:03:14.301025,0,24,0,2841.600098,8448.0,572.0,46.259399
03:03:16.301391,0,0,24,192.0,1496.0,4248.399902,31.6308
03:03:20.302093,25,0,0,4281.600098,1104.0,5.2,13.502
03:03:22.302459,0,25,0,2928.0,8704.0,587.599976,47.987999
03:03:24.302764,0,0,25,211.199997,1552.0,4404.399902,32.8606
03:03:28.303436,26,0,0,4454.399902,1164.0,5.2,14.061
03:03:30.303802,0,26,0,2995.199951,8940.0,624.0,49.4328
03:03:32.304229,0,0,26,192.0,1608.0,4576.0,34.056
03:03:36.304748,27,0,0,4627.200195,1192.0,0.0,14.663
03:03:38.305145,0,27,0,3062.399902,9216.0,639.599976,50.998001
03:03:40.305511,0,0,27,182.399994,1664.0,4742.399902,35.242802
03:03:44.306213,28,0,0,4838.399902,1264.0,0.0,15.1704
03:03:46.306518,0,28,0,3168.0,9464.0,670.799988,52.5116
03:03:48.306854,0,0,28,192.0,1704.0,4888.0,36.472599
03:03:52.307556,29,0,0,5011.200195,1296.0,5.2,15.8068
03:03:54.307922,0,29,0,3196.800049,9732.0,670.799988,53.965
03:03:56.308197,0,0,29,211.199997,1760.0,5054.399902,37.4702
03:04:00.309020,30,0,0,5184.0,1344.0,5.2,16.4002
03:04:02.309234,0,30,0,3312.0,9948.0,707.200012,55.444199
03:04:04.309600,0,0,30,230.399994,1824.0,5220.799805,38.562401
03:04:08.310363,31,0,0,5337.600098,1400.0,5.2,16.9678
03:04:10.310791,0,31,0,3340.800049,10172.0,728.0,56.648201
03:04:12.311157,0,0,31,230.399994,1880.0,5371.600098,39.818001
03:04:16.311889,32,0,0,5520.0,1436.0,5.2,17.4666
03:04:18.312194,0,32,0,3436.800049,10432.0,754.0,58.1618
03:04:20.312530,0,0,32,192.0,1916.0,5470.399902,40.755402
03:04:24.313201,33,0,0,5702.399902,1480.0,0.0,18.034201
03:04:26.313568,0,33,0,3523.199951,10680.0,769.599976,59.563599
03:04:28.314025,0,0,33,249.600006,1984.0,5668.0,41.813202
03:04:32.314544,34,0,0,5875.200195,1524.0,10.4,18.670601
03:04:34.314819,0,34,0,3561.600098,10916.0,790.400024,60.896599
03:04:36.315185,0,0,34,240.0,2036.0,5813.600098,43.0602
03:04:40.315917,35,0,0,6048.0,1564.0,15.6,19.1436
03:04:42.316284,0,35,0,3638.399902,11128.0,826.799988,62.289799
03:04:44.316650,0,0,35,249.600006,2092.0,5943.600098,44.135201
03:04:48.317291,36,0,0,6211.200195,1624.0,5.2,19.728399
03:04:50.317749,0,36,0,3676.800049,11352.0,832.0,63.7174
03:04:52.317993,0,0,36,268.799988,2136.0,6110.0,45.321999
03:04:56.318695,37,0,0,6422.399902,1672.0,5.2,20.3218
03:04:58.319030,0,37,0,3772.800049,11600.0,863.200012,64.93
03:05:00.319396,0,0,37,268.799988,2200.0,6219.200195,46.268002
03:05:04.320098,38,0,0,6624.0,1712.0,5.2,20.829201
03:05:06.320526,0,38,0,3849.600098,11804.0,878.799988,66.340401
03:05:08.320800,0,0,38,288.0,2256.0,6406.399902,47.3946
03:05:12.321624,39,0,0,6787.200195,1756.0,5.2,21.457001
03:05:14.321899,0,39,0,3926.399902,12032.0,884.0,67.664803
03:05:16.322204,0,0,39,288.0,2296.0,6531.200195,48.460999
03:05:20.322875,40,0,0,6931.200195,1812.0,0.0,22.007401
03:05:22.323242,0,40,0,3993.600098,12252.0,920.400024,69.014999
03:05:24.323486,0,0,40,307.200012,2344.0,6666.399902,49.501598
03:05:28.324218,41,0,0,7142.399902,1864.0,0.0,22.566401
03:05:30.324523,0,41,0,4032.0,12484.0,920.400024,70.322197
03:05:32.324890,0,0,41,326.399994,2408.0,6817.200195,50.507801
03:05:36.325592,42,0,0,7286.399902,1896.0,15.6,23.1168
03:05:38.325927,0,42,0,4099.200195,12684.0,946.400024,71.526199
03:05:40.326416,0,0,42,307.200012,2444.0,6957.600098,51.617199
03:05:44.326995,43,0,0,7468.799805,1944.0,0.0,23.693001
03:05:46.327362,0,43,0,4185.600098,12892.0,972.400024,72.9366
03:05:48.327667,0,0,43,307.200012,2484.0,7087.600098,52.597599
03:05:52.328338,44,0,0,7632.0,1992.0,5.2,24.2864
03:05:54.328704,0,44,0,4204.799805,13112.0,1003.599976,74.080399
03:05:56.329010,0,0,44,307.200012,2552.0,7233.200195,53.603802
03:06:00.329681,45,0,0,7872.0,2036.0,0.0,24.896999
03:06:02.330200,0,45,0,4300.799805,13312.0,1008.799988,75.456398
03:06:04.330352,0,0,45,316.799988,2600.0,7358.0,54.738998
03:06:08.331115,46,0,0,8035.200195,2084.0,5.2,25.447399
03:06:10.331390,0,46,0,4339.200195,13532.0,1029.599976,76.677597
03:06:12.331787,0,0,46,316.799988,2648.0,7514.0,55.728001
03:06:16.332489,47,0,0,8217.599609,2128.0,0.0,26.006399
03:06:18.332855,0,47,0,4416.0,13724.0,1050.400024,77.769798
03:06:20.333190,0,0,47,345.600006,2692.0,7638.799805,56.656799
03:06:24.333892,48,0,0,8390.400391,2176.0,10.4,26.5224
03:06:26.334167,0,48,0,4483.200195,13916.0,1081.599976,79.111397
03:06:28.334503,0,0,48,336.0,2732.0,7748.0,57.534
03:06:32.335205,49,0,0,8544.0,2228.0,5.2,27.0728
03:06:34.335571,0,49,0,4512.0,14108.0,1097.199951,80.229401
03:06:36.335998,0,0,49,364.799988,2784.0,7914.399902,58.695
03:06:40.336608,50,0,0,8707.200195,2260.0,5.2,27.735001
03:06:42.336944,0,50,0,4569.600098,14316.0,1112.800049,81.399002
03:06:44.337280,0,0,50,364.799988,2828.0,8075.600098,59.632401
03:06:48.337951,51,0,0,8937.599609,2312.0,0.0,28.302601
03:06:50.338287,0,51,0,4665.600098,14492.0,1123.199951,82.611603
03:06:52.338745,0,0,51,345.600006,2884.0,8169.200195,60.690201
03:06:56.339263,52,0,0,9024.0,2332.0,10.4,28.784201
03:06:58.339660,0,52,0,4732.799805,14720.0,1154.400024,83.824203
03:07:00.339965,0,0,52,336.0,2928.0,8299.200195,61.4384
03:07:04.340759,53,0,0,9273.599609,2396.0,10.4,29.4464
03:07:06.341033,0,53,0,4771.200195,14916.0,1175.199951,85.1744
03:07:08.341369,0,0,53,374.399994,2972.0,8434.400391,62.6166
03:07:12.342041,54,0,0,9436.799805,2444.0,10.4,29.8764
03:07:14.342437,0,54,0,4809.600098,15108.0,1196.0,86.301003
03:07:16.342681,0,0,54,374.399994,3012.0,8595.599609,63.639999
03:07:20.343444,55,0,0,9609.599609,2484.0,5.2,30.538601
03:07:22.343750,0,55,0,4876.799805,15272.0,1222.0,87.169601
03:07:24.344116,0,0,55,384.0,3068.0,8704.799805,64.594597
03:07:28.344726,56,0,0,9792.0,2516.0,10.4,31.0804
03:07:30.345031,0,56,0,4944.0,15472.0,1227.199951,88.382202
03:07:32.345367,0,0,56,374.399994,3104.0,8850.400391,65.514801
03:07:36.346069,57,0,0,9993.599609,2588.0,15.6,31.605
03:07:38.346374,0,57,0,4992.0,15684.0,1263.599976,89.801201
03:07:40.346679,0,0,57,364.799988,3156.0,8985.599609,66.331802
03:07:44.347351,58,0,0,10128.0,2620.0,5.2,32.224201
03:07:46.347686,0,58,0,5059.200195,15876.0,1274.0,90.996597
03:07:48.348144,0,0,58,412.799988,3192.0,9100.0,67.449799
03:07:52.348663,59,0,0,10291.200195,2672.0,0.0,32.68
03:07:54.348937,0,59,0,5107.200195,16044.0,1289.599976,92.131798
03:07:56.349273,0,0,59,412.799988,3236.0,9250.799805,68.309799
03:08:00.350006,60,0,0,10464.0,2692.0,5.2,33.247601
03:08:02.350341,0,60,0,5145.600098,16228.0,1310.400024,93.034798
03:08:04.350738,0,0,60,403.200012,3308.0,9354.799805,69.367599
03:08:08.351470,61,0,0,10646.400391,2732.0,10.4,33.875401
03:08:10.351837,0,61,0,5184.0,16432.0,1320.800049,94.195801
03:08:12.352081,0,0,61,412.799988,3328.0,9510.799805,70.296402
03:08:16.352905,62,0,0,10809.599609,2796.0,10.4,34.417198
03:08:18.353149,0,62,0,5241.600098,16584.0,1352.0,95.365402
03:08:20.353454,0,0,62,441.600006,3380.0,9625.200195,71.147797
03:08:24.354095,63,0,0,10982.400391,2832.0,10.4,35.001999
03:08:26.354461,0,63,0,5260.799805,16788.0,1362.400024,96.431801
03:08:28.354766,0,0,63,451.200012,3432.0,9734.400391,72.050797
03:08:32.355560,64,0,0,11164.799805,2900.0,0.0,35.483601
03:08:34.355743,0,64,0,5337.600098,16904.0,1378.0,97.283203
03:08:36.356079,0,0,64,432.0,3484.0,9859.200195,72.979599
03:08:40.356781,65,0,0,11328.0,2932.0,0.0,36.119999
03:08:42.357055,0,65,0,5404.799805,17064.0,1378.0,98.581802
03:08:44.357452,0,0,65,451.200012,3516.0,10030.799805,73.9944
03:08:48.358184,66,0,0,11481.599609,2976.0,5.2,36.610199
03:08:50.358551,0,66,0,5443.200195,17268.0,1393.599976,99.648201
03:08:52.358917,0,0,66,451.200012,3572.0,10108.799805,74.991997
03:08:56.359558,67,0,0,11702.400391,3020.0,15.6,37.2724
03:08:58.359893,0,67,0,5520.0,17452.0,1414.400024,100.602798
03:09:00.360321,0,0,67,460.799988,3604.0,10259.599609,75.774597
03:09:04.360931,68,0,0,11827.200195,3060.0,5.2,37.754002
03:09:06.361328,0,68,0,5568.0,17628.0,1450.800049,101.7724
03:09:08.361572,0,0,68,460.799988,3656.0,10353.200195,76.651802
03:09:12.362365,69,0,0,11980.799805,3100.0,0.0,38.321602
03:09:14.362670,0,69,0,5606.399902,17768.0,1476.800049,102.787201
03:09:16.363006,0,0,69,470.399994,3700.0,10504.0,77.597801
03:09:20.363677,70,0,0,12153.599609,3164.0,10.4,38.889198
03:09:22.364105,0,70,0,5606.399902,17964.0,1497.599976,103.905197
03:09:24.364318,0,0,70,480.0,3736.0,10597.599609,78.535202
03:09:28.365112,71,0,0,12355.200195,3200.0,5.2,39.3536
03:09:30.365325,0,71,0,5702.399902,18144.0,1502.800049,104.876999
03:09:32.365661,0,0,71,489.600006,3796.0,10722.400391,79.5242
03:09:36.366333,72,0,0,12470.400391,3256.0,26.0,39.9814
03:09:38.366638,0,72,0,5760.0,18304.0,1544.400024,105.840202
03:09:40.367004,0,0,72,470.399994,3836.0,10857.599609,80.401398
03:09:44.367645,73,0,0,12624.0,3284.0,10.4,40.531799
03:09:46.367980,0,73,0,5798.399902,18476.0,1544.400024,106.932404
03:09:48.368347,0,0,73,489.600006,3872.0,11003.200195,81.072197
03:09:52.369110,74,0,0,12854.400391,3332.0,10.4,41.142399
03:09:54.369506,0,74,0,5836.799805,18632.0,1575.599976,107.990196
03:09:56.369842,0,0,74,489.600006,3916.0,11076.0,82.147202
03:10:00.370483,75,0,0,12988.799805,3360.0,15.6,41.572399
03:10:02.370971,0,75,0,5894.399902,18780.0,1570.400024,109.013603
03:10:04.371185,0,0,75,489.600006,3944.0,11226.799805,83.024399
03:10:08.371887,76,0,0,13180.799805,3412.0,5.2,42.200199
03:10:10.372222,0,76,0,5942.399902,18996.0,1596.400024,109.864998
03:10:12.372680,0,0,76,518.400024,4000.0,11341.200195,83.8414
03:10:16.373199,77,0,0,13324.799805,3456.0,10.4,42.7248
03:10:18.373596,0,77,0,5971.200195,19124.0,1622.400024,111.197998
03:10:20.373870,0,0,77,508.799988,4040.0,11434.799805,84.5896
03:10:24.374511,78,0,0,13497.599609,3504.0,10.4,43.266602
03:10:26.374816,0,78,0,6057.600098,19288.0,1617.199951,111.997803
03:10:28.375122,0,0,78,528.0,4076.0,11559.599609,85.604401
03:10:32.375915,79,0,0,13699.200195,3540.0,15.6,43.903
03:10:34.376251,0,79,0,6076.799805,19432.0,1658.800049,113.081398
03:10:36.376586,0,0,79,556.799988,4132.0,11663.599609,86.378403
03:10:40.377410,80,0,0,13814.400391,3576.0,15.6,44.350201
03:10:42.377593,0,80,0,6115.200195,19592.0,1679.599976,114.199402
03:10:44.377960,0,0,80,499.200012,4156.0,11767.599609,87.247002
03:10:48.378631,81,0,0,13996.799805,3632.0,5.2,44.952202
03:10:50.378997,0,81,0,6163.200195,19772.0,1684.800049,115.093803
03:10:52.379425,0,0,81,518.400024,4196.0,11902.799805,88.1586
03:10:56.380096,82,0,0,14121.599609,3660.0,10.4,45.468201
03:10:58.380462,0,82,0,6230.399902,19900.0,1726.400024,115.979599
03:11:00.380798,0,0,82,537.599976,4244.0,11991.200195,88.932602
03:11:04.381500,83,0,0,14323.200195,3712.0,31.200001,45.9842
03:11:06.381866,0,83,0,6259.200195,20072.0,1742.0,116.882599
03:11:08.382263,0,0,83,528.0,4288.0,12142.0,89.783997
03:11:12.382904,84,0,0,14467.200195,3748.0,15.6,46.543201
03:11:14.383422,0,84,0,6297.600098,20220.0,1752.400024,118.043602
03:11:16.383544,0,0,84,556.799988,4332.0,12225.200195,90.5924
03:11:20.384185,85,0,0,14659.200195,3796.0,20.799999,47.093601
03:11:22.384521,0,85,0,6336.0,20384.0,1773.199951,118.972397
03:11:24.384826,0,0,85,566.400024,4376.0,12355.200195,91.383598
03:11:28.385650,86,0,0,14803.200195,3832.0,5.2,47.635399
03:11:30.386108,0,86,0,6393.600098,20520.0,1799.199951,119.884003
03:11:32.386322,0,0,86,566.400024,4404.0,12454.0,92.140404
03:11:36.387054,87,0,0,14956.799805,3864.0,5.2,48.0998
03:11:38.387298,0,87,0,6451.200195,20692.0,1809.599976,120.804199
03:11:40.387695,0,0,87,566.400024,4452.0,12568.400391,93.172401
03:11:44.388427,88,0,0,15158.400391,3908.0,5.2,48.6502
03:11:46.388763,0,88,0,6451.200195,20852.0,1835.599976,121.767403
03:11:48.389129,0,0,88,585.599976,4488.0,12672.400391,93.817398
03:11:52.389953,89,0,0,15264.0,3976.0,5.2,49.1576
03:11:54.390167,0,89,0,6528.0,20980.0,1830.400024,122.816597
03:11:56.390502,0,0,89,585.599976,4532.0,12766.0,94.728996
03:12:00.391174,90,0,0,15456.0,3988.0,10.4,49.750999
03:12:02.391540,0,90,0,6566.399902,21104.0,1846.0,123.685204
03:12:04.392089,0,0,90,576.0,4544.0,12885.599609,95.554604
03:12:08.392608,91,0,0,15619.200195,4040.0,26.0,50.189602
03:12:10.393005,0,91,0,6566.399902,21264.0,1877.199951,124.648399
03:12:12.393310,0,0,91,585.599976,4604.0,13026.0,96.380203
03:12:16.393951,92,0,0,15801.599609,4088.0,5.2,50.817398
03:12:18.394256,0,92,0,6662.399902,21408.0,1877.199951,125.611603
03:12:20.394744,0,0,92,576.0,4640.0,13109.200195,97.076797
03:12:24.395233,93,0,0,15859.200195,4116.0,5.2,51.333401
03:12:26.395629,0,93,0,6681.600098,21576.0,1913.599976,126.5662
03:12:28.395874,0,0,93,604.799988,4680.0,13218.400391,97.962601
03:12:32.396514,94,0,0,16070.400391,4136.0,15.6,51.935402
03:12:34.396820,0,94,0,6710.399902,21740.0,1929.199951,127.426201
03:12:36.397216,0,0,94,595.200012,4736.0,13317.200195,98.727997
03:12:40.397918,95,0,0,16243.200195,4200.0,15.6,52.391201
03:12:42.398315,0,95,0,6748.799805,21868.0,1944.800049,128.389404
03:12:44.398651,0,0,95,604.799988,4764.0,13462.799805,99.570801
03:12:48.399414,96,0,0,16377.599609,4220.0,15.6,52.761002
03:12:50.399658,0,96,0,6816.0,22000.0,1970.800049,128.982803
03:12:52.400024,0,0,96,614.400024,4796.0,13499.200195,100.344803
03:12:56.400695,97,0,0,16512.0,4264.0,15.6,53.371601
03:12:58.401031,0,97,0,6835.200195,22144.0,1976.0,129.937393
03:13:00.401367,0,0,97,604.799988,4840.0,13613.599609,100.938202
03:13:04.402069,98,0,0,16704.0,4336.0,15.6,53.792999
03:13:06.402374,0,98,0,6873.600098,22272.0,2012.400024,130.806
03:13:08.402709,0,0,98,614.400024,4856.0,13738.400391,101.866997
03:13:12.403381,99,0,0,16886.400391,4352.0,20.799999,54.403599
03:13:14.403717,0,99,0,6921.600098,22456.0,2017.599976,131.915405
03:13:16.404113,0,0,99,614.400024,4908.0,13816.400391,102.555
03:13:20.404693,100,0,0,17011.199219,4392.0,5.2,54.842201
03:13:22.405151,0,100,0,6988.799805,22576.0,2022.800049,132.594803
03:13:24.405426,0,0,100,624.0,4956.0,13925.599609,103.286003
03:13:28.406158,101,0,0,17174.400391,4420.0,15.6,55.409801
03:13:30.406524,0,101,0,7008.0,22676.0,2048.800049,133.721405
03:13:32.406829,0,0,101,643.200012,4992.0,14040.0,104.240601
03:13:36.407531,102,0,0,17356.800781,4472.0,15.6,56.028999
03:13:38.407989,0,102,0,7046.399902,22828.0,2074.800049,134.478195
03:13:40.408203,0,0,102,643.200012,5028.0,14144.0,104.816803
03:13:44.408905,103,0,0,17529.599609,4520.0,15.6,56.519199
03:13:46.409179,0,103,0,7075.200195,22984.0,2106.0,135.278
03:13:48.409545,0,0,103,643.200012,5068.0,14253.200195,105.659599
03:13:52.410308,104,0,0,17625.599609,4544.0,10.4,56.992199
03:13:54.410644,0,104,0,7142.399902,23128.0,2111.199951,136.138
03:13:56.410949,0,0,104,662.400024,5076.0,14372.799805,106.433601
03:14:00.411682,105,0,0,17836.800781,4588.0,15.6,57.465199
03:14:02.411987,0,105,0,7190.399902,23208.0,2111.199951,137.066803
03:14:04.412322,0,0,105,633.599976,5148.0,14450.799805,107.121597
03:14:08.413024,106,0,0,17913.599609,4624.0,15.6,58.058601
03:14:10.413391,0,106,0,7209.600098,23384.0,2142.399902,137.944
03:14:12.413787,0,0,106,643.200012,5164.0,14601.599609,107.973
03:14:16.414581,107,0,0,18115.199219,4668.0,26.0,58.488602
03:14:18.415008,0,107,0,7219.200195,23520.0,2137.199951,138.752396
03:14:20.415313,0,0,107,662.400024,5196.0,14674.400391,108.807198
03:14:24.415985,108,0,0,18297.599609,4708.0,31.200001,59.030399
03:14:26.416351,0,108,0,7267.200195,23672.0,2173.600098,139.655396
03:14:28.416809,0,0,108,652.799988,5232.0,14726.400391,109.477997
03:14:32.417388,109,0,0,18422.400391,4748.0,15.6,59.529202
03:14:34.417816,0,109,0,7324.799805,23772.0,2189.199951,140.438004
03:14:36.418182,0,0,109,662.400024,5280.0,14877.200195,110.174599
03:14:40.418914,110,0,0,18585.599609,4780.0,20.799999,60.191399
03:14:42.419281,0,110,0,7353.600098,23940.0,2204.800049,141.504395
03:14:44.419586,0,0,110,681.599976,5280.0,14981.200195,111.026001
03:14:48.420227,111,0,0,18710.400391,4812.0,5.2,60.621399
03:14:50.420715,0,111,0,7392.0,24072.0,2230.800049,142.304199
03:14:52.420928,0,0,111,681.599976,5348.0,15054.0,111.567802
03:14:56.421783,112,0,0,18854.400391,4856.0,15.6,61.128799
03:14:58.421936,0,112,0,7459.200195,24184.0,2215.199951,142.957794
03:15:00.422271,0,0,112,700.799988,5392.0,15173.599609,112.419197
03:15:04.423004,113,0,0,19027.199219,4892.0,26.0,61.576
03:15:06.423339,0,113,0,7459.200195,24332.0,2256.800049,143.843597
03:15:08.423706,0,0,113,700.799988,5432.0,15288.0,113.0728
03:15:12.424346,114,0,0,19180.800781,4940.0,10.4,62.178001
03:15:14.424682,0,114,0,7478.399902,24456.0,2288.0,144.849792
03:15:16.425018,0,0,114,710.400024,5468.0,15350.400391,113.9758
03:15:20.425720,115,0,0,19324.800781,4960.0,20.799999,62.745602
03:15:22.426055,0,115,0,7507.200195,24588.0,2277.600098,145.606598
03:15:24.426483,0,0,115,681.599976,5520.0,15459.599609,114.629402
03:15:28.427062,116,0,0,19459.199219,5020.0,26.0,63.296001
03:15:30.427490,0,116,0,7564.799805,24700.0,2308.800049,146.457993
03:15:32.427856,0,0,116,720.0,5520.0,15579.200195,115.515198
03:15:36.428558,117,0,0,19641.599609,5040.0,26.0,63.812
03:15:38.428863,0,117,0,7584.0,24808.0,2329.600098,147.223404
03:15:40.429199,0,0,117,691.200012,5568.0,15672.799805,116.022598
03:15:44.429870,118,0,0,19766.400391,5092.0,20.799999,64.173203
03:15:46.430328,0,118,0,7670.399902,24968.0,2366.0,148.315598
03:15:48.430511,0,0,118,700.799988,5616.0,15745.599609,116.899803
03:15:52.431274,119,0,0,19968.0,5116.0,31.200001,64.706398
03:15:54.431457,0,119,0,7689.600098,25084.0,2376.399902,148.994995
03:15:56.431823,0,0,119,739.200012,5632.0,15834.0,117.579201
03:16:00.432556,120,0,0,20073.599609,5164.0,26.0,65.093399
03:16:02.432922,0,120,0,7737.600098,25192.0,2366.0,149.450806
03:16:04.433166,0,0,120,739.200012,5676.0,15943.200195,118.25
03:16:08.433898,121,0,0,20236.800781,5196.0,20.799999,65.583603
03:16:10.434143,0,121,0,7776.0,25376.0,2402.399902,150.328003
03:16:12.434478,0,0,121,739.200012,5720.0,16083.599609,118.929398
03:16:16.435089,122,0,0,20380.800781,5232.0,36.400002,66.194199
03:16:18.435424,0,122,0,7785.600098,25424.0,2423.199951,151.308395
03:16:20.435821,0,0,122,729.599976,5764.0,16125.200195,119.720596
03:16:24.436431,123,0,0,20544.0,5252.0,20.799999,66.744598
03:16:26.436737,0,123,0,7824.0,25576.0,2428.399902,152.065201
03:16:28.437072,0,0,123,777.599976,5792.0,16229.200195,120.460197
03:16:32.437774,124,0,0,20736.0,5296.0,5.2,67.148804
03:16:34.438110,0,124,0,7891.200195,25696.0,2438.800049,152.847794
03:16:36.438507,0,0,124,748.799988,5832.0,16317.599609,121.242798
03:16:40.439117,125,0,0,20803.199219,5360.0,15.6,67.544403
03:16:42.439544,0,125,0,7900.799805,25836.0,2459.600098,153.639008
03:16:44.439758,0,0,125,748.799988,5828.0,16406.0,121.956596
03:16:48.440399,126,0,0,20918.400391,5380.0,0.0,68.2668
03:16:50.440765,0,126,0,7939.200195,25944.0,2470.0,154.223801
03:16:52.441162,0,0,126,748.799988,5880.0,16546.400391,122.687599
03:16:56.441802,127,0,0,21129.599609,5412.0,15.6,68.7742
03:16:58.442230,0,127,0,7939.200195,26064.0,2506.399902,155.152603
03:17:00.442443,0,0,127,748.799988,5940.0,16603.599609,123.220802
03:17:04.443176,128,0,0,21264.0,5436.0,20.799999,69.3246
03:17:06.443420,0,128,0,7996.799805,26204.0,2532.399902,155.883606
03:17:08.443786,0,0,128,768.0,5952.0,16681.599609,124.149597
03:17:12.444641,129,0,0,21379.199219,5464.0,15.6,69.823402
03:17:14.444976,0,129,0,8035.200195,26288.0,2537.600098,156.485596
03:17:16.445312,0,0,129,787.200012,6000.0,16837.599609,124.794601
03:17:20.446105,130,0,0,21465.599609,5500.0,20.799999,70.270599
03:17:22.446350,0,130,0,8054.399902,26376.0,2563.600098,157.440201
03:17:24.446716,0,0,130,768.0,6052.0,16920.800781,125.611603
03:17:28.447418,131,0,0,21734.400391,5580.0,26.0,70.812401
03:17:30.447784,0,131,0,8112.0,26568.0,2563.600098,158.317398
03:17:32.448211,0,0,131,768.0,6084.0,16967.599609,126.239403
03:17:36.448760,132,0,0,21801.599609,5600.0,5.2,71.414398
03:17:38.449127,0,132,0,8140.799805,26680.0,2579.199951,158.9366
03:17:40.449493,0,0,132,796.799988,6112.0,17076.800781,127.004799
03:17:44.450134,133,0,0,21974.400391,5648.0,26.0,71.749802
03:17:46.450592,0,133,0,8150.399902,26784.0,2600.0,159.977203
03:17:48.450836,0,0,133,796.799988,6152.0,17170.400391,127.7444
03:17:52.451507,134,0,0,22108.800781,5668.0,15.6,72.300201
03:17:54.451873,0,134,0,8246.400391,26900.0,2620.800049,160.501801
03:17:56.452148,0,0,134,806.400024,6184.0,17269.199219,128.415207
03:18:00.452880,135,0,0,22272.0,5704.0,31.200001,72.850601
03:18:02.453155,0,135,0,8265.599609,27032.0,2641.600098,161.198395
03:18:04.453521,0,0,135,796.799988,6208.0,17321.199219,129.214996
03:18:08.454193,136,0,0,22435.199219,5736.0,26.0,73.203201
03:18:10.454559,0,136,0,8294.400391,27144.0,2620.800049,162.213196
03:18:12.454864,0,0,136,825.599976,6276.0,17420.0,129.765396
03:18:16.455749,137,0,0,22512.0,5788.0,10.4,73.753601
03:18:18.455902,0,137,0,8304.0,27244.0,2641.600098,162.720596
03:18:20.456237,0,0,137,796.799988,6292.0,17539.599609,130.419006
03:18:24.456970,138,0,0,22608.0,5796.0,36.400002,74.097603
03:18:26.457305,0,138,0,8332.799805,27364.0,2688.399902,163.675201
03:18:28.457641,0,0,138,816.0,6332.0,17654.0,131.038193
03:18:32.458312,139,0,0,22828.800781,5860.0,20.799999,74.6222
03:18:34.458618,0,139,0,8419.200195,27480.0,2704.0,164.423401
03:18:36.458923,0,0,139,816.0,6364.0,17680.0,131.803604
03:18:40.459594,140,0,0,22953.599609,5888.0,15.6,75.086601
03:18:42.459930,0,140,0,8419.200195,27612.0,2714.399902,165.111404
03:18:44.460327,0,0,140,825.599976,6392.0,17794.400391,132.422806
03:18:48.460968,141,0,0,23145.599609,5916.0,20.799999,75.765999
03:18:50.461364,0,141,0,8457.599609,27740.0,2730.0,165.670395
03:18:52.461547,0,0,141,835.200012,6424.0,17877.599609,133.308594
03:18:56.462249,142,0,0,23299.199219,5956.0,15.6,76.187401
03:18:58.462585,0,142,0,8496.0,27852.0,2750.800049,166.693802
03:19:00.462982,0,0,142,816.0,6472.0,18033.599609,133.858994
03:19:04.463653,143,0,0,23366.400391,5988.0,15.6,76.686203
03:19:06.464080,0,143,0,8476.799805,27960.0,2766.399902,167.373199
03:19:08.464324,0,0,143,844.799988,6512.0,18059.599609,134.417999
03:19:12.465148,144,0,0,23577.599609,6016.0,20.799999,77.150597
03:19:14.465362,0,144,0,8544.0,28064.0,2792.399902,167.8806
03:19:16.465667,0,0,144,844.799988,6528.0,18158.400391,135.4328
03:19:20.466308,145,0,0,23673.599609,6076.0,26.0,77.726799
03:19:22.466644,0,145,0,8582.400391,28180.0,2782.0,168.611603
03:19:24.466979,0,0,145,835.200012,6552.0,18205.199219,135.707993
03:19:28.467773,146,0,0,23798.400391,6076.0,20.799999,78.174004
03:19:30.467956,0,146,0,8611.200195,28252.0,2776.800049,169.480194
03:19:32.468292,0,0,146,864.0,6600.0,18298.800781,136.593796
03:19:36.468963,147,0,0,24028.800781,6132.0,31.200001,78.724403
03:19:38.469299,0,147,0,8611.200195,28356.0,2808.0,170.090805
03:19:40.469665,0,0,147,864.0,6644.0,18382.0,137.101196
03:19:44.470458,148,0,0,24134.400391,6164.0,26.0,79.077003
03:19:46.470794,0,148,0,8668.799805,28480.0,2828.800049,170.761597
03:19:48.471221,0,0,148,864.0,6664.0,18501.599609,137.823593
03:19:52.471893,149,0,0,24220.800781,6220.0,15.6,79.670403
03:19:54.472229,0,149,0,8678.400391,28636.0,2854.800049,171.664597
03:19:56.472717,0,0,149,854.400024,6716.0,18574.400391,138.425598
03:20:00.473297,150,0,0,24451.199219,6240.0,20.799999,80.177803
03:20:02.473785,0,150,0,8707.200195,28716.0,2880.800049,172.266602
03:20:04.473999,0,0,150,873.599976,6736.0,18714.800781,139.251205
03:20:08.474761,151,0,0,24518.400391,6272.0,31.200001,80.659401
03:20:10.475097,0,151,0,8784.0,28872.0,2901.600098,172.937393
03:20:12.475433,0,0,151,864.0,6772.0,18777.199219,139.75
03:20:16.476226,152,0,0,24691.199219,6292.0,31.200001,80.986198
03:20:18.476715,0,152,0,8784.0,28936.0,2912.0,173.831802
03:20:20.476928,0,0,152,873.599976,6812.0,18792.800781,140.489594
03:20:24.477752,153,0,0,24758.400391,6328.0,26.0,81.528
03:20:26.477905,0,153,0,8784.0,29064.0,2932.800049,174.382202
03:20:28.478271,0,0,153,912.0,6828.0,18917.599609,141.065796
03:20:32.479064,154,0,0,24950.400391,6376.0,15.6,81.854797
03:20:34.479431,0,154,0,8880.0,29144.0,2943.199951,175.147598
03:20:36.479766,0,0,154,873.599976,6868.0,18990.400391,141.736603
03:20:40.480529,155,0,0,25056.0,6388.0,31.200001,82.431
03:20:42.480804,0,155,0,8889.599609,29280.0,2948.399902,175.448593
03:20:44.481140,0,0,155,892.799988,6920.0,19089.199219,142.158005
03:20:48.481811,156,0,0,25161.599609,6424.0,20.799999,83.007202
03:20:50.482147,0,156,0,8908.799805,29324.0,2969.199951,176.394608
03:20:52.482666,0,0,156,902.400024,6928.0,19172.400391,143.043793
03:20:56.483184,157,0,0,25344.0,6464.0,26.0,83.376999
03:20:58.483520,0,157,0,8956.799805,29488.0,3005.600098,177.375
03:21:00.483886,0,0,157,892.799988,6964.0,19260.800781,143.723206
03:21:04.484558,158,0,0,25488.0,6496.0,20.799999,83.875801
03:21:06.484954,0,158,0,8995.200195,29580.0,2979.600098,177.968399
03:21:08.485321,0,0,158,883.200012,7024.0,19359.599609,144.359604
03:21:12.485992,159,0,0,25632.0,6548.0,36.400002,84.348801
03:21:14.486389,0,159,0,8995.200195,29684.0,3031.600098,178.484406
03:21:16.486633,0,0,159,902.400024,7056.0,19422.0,144.884201
03:21:20.487518,160,0,0,25660.800781,6556.0,26.0,84.667
03:21:22.487731,0,160,0,9033.599609,29748.0,3031.600098,179.129395
03:21:24.488067,0,0,160,912.0,7056.0,19541.599609,145.537796
03:21:28.488739,161,0,0,25804.800781,6600.0,31.200001,85.225998
03:21:30.489166,0,161,0,9062.400391,29900.0,3036.800049,179.774399
03:21:32.489410,0,0,161,931.200012,7088.0,19593.599609,146.028
03:21:36.490142,162,0,0,25996.800781,6608.0,36.400002,85.681801
03:21:38.490417,0,162,0,9062.400391,29956.0,3073.199951,180.643005
03:21:40.490783,0,0,162,902.400024,7148.0,19630.0,146.741806
03:21:44.491485,163,0,0,26083.199219,6644.0,31.200001,86.180603
03:21:46.491790,0,163,0,9120.0,30064.0,3078.399902,181.064407
03:21:48.492095,0,0,163,921.599976,7184.0,19754.800781,147.360992
03:21:52.492797,164,0,0,26208.0,6692.0,26.0,86.644997
03:21:54.493072,0,164,0,9177.599609,30192.0,3094.0,181.778198
03:21:56.493438,0,0,164,940.799988,7216.0,19843.199219,148.083405
03:22:00.494171,165,0,0,26342.400391,6724.0,31.200001,87.083603
03:22:02.494506,0,165,0,9206.400391,30296.0,3104.399902,182.509201
03:22:04.494995,0,0,165,931.200012,7252.0,19916.0,148.625198
03:22:08.495574,166,0,0,26515.199219,6768.0,20.799999,87.5308
03:22:10.495971,0,166,0,9225.599609,30420.0,3125.199951,183.266006
03:22:12.496276,0,0,166,940.799988,7272.0,19999.199219,149.321793
03:22:16.496978,167,0,0,26678.400391,6800.0,26.0,88.021004
03:22:18.497314,0,167,0,9244.799805,30536.0,3130.399902,184.014206
03:22:20.497802,0,0,167,950.400024,7300.0,20077.199219,150.113007
03:22:24.498382,168,0,0,26755.199219,6832.0,26.0,88.407997
03:22:26.498779,0,168,0,9264.0,30576.0,3177.199951,184.641998
03:22:28.499053,0,0,168,940.799988,7336.0,20170.800781,150.448395
03:22:32.499908,169,0,0,26928.0,6828.0,36.400002,89.0616
03:22:34.500152,0,169,0,9321.599609,30672.0,3177.199951,185.269806
03:22:36.500457,0,0,169,950.400024,7368.0,20243.599609,151.179398
03:22:40.501159,170,0,0,27033.599609,6880.0,26.0,89.517403
03:22:42.501495,0,170,0,9321.599609,30748.0,3198.0,185.605194
03:22:44.501770,0,0,170,950.400024,7408.0,20316.400391,151.944794
03:22:48.502593,171,0,0,27206.400391,6908.0,31.200001,89.775398
03:22:50.502807,0,171,0,9360.0,30888.0,3218.800049,186.473801
03:22:52.503173,0,0,171,940.799988,7456.0,20384.0,152.263
03:22:56.503784,172,0,0,27292.800781,6960.0,41.599998,90.429001
03:22:58.504150,0,172,0,9398.400391,30960.0,3208.399902,187.075806
03:23:00.504577,0,0,172,969.599976,7484.0,20477.599609,153.019806
03:23:04.505249,173,0,0,27417.599609,7004.0,31.200001,90.790199
03:23:06.505584,0,173,0,9417.599609,31064.0,3244.800049,187.892807
03:23:08.505920,0,0,173,969.599976,7508.0,20545.199219,153.639008
03:23:12.506622,174,0,0,27590.400391,7020.0,26.0,91.306198
03:23:14.506958,0,174,0,9446.400391,31188.0,3255.199951,188.374405
03:23:16.507415,0,0,174,960.0,7532.0,20659.599609,154.223801
03:23:20.507995,175,0,0,27667.199219,7028.0,26.0,91.667397
03:23:22.508331,0,175,0,9465.599609,31304.0,3276.0,189.088196
03:23:24.508789,0,0,175,979.200012,7584.0,20732.400391,154.791397
03:23:28.509460,176,0,0,27811.199219,7076.0,31.200001,92.166199
03:23:30.509826,0,176,0,9504.0,31372.0,3296.800049,189.655807
03:23:32.510162,0,0,176,969.599976,7592.0,20789.599609,155.264404
03:23:36.510833,177,0,0,27888.0,7100.0,20.799999,92.647797
03:23:38.511230,0,177,0,9504.0,31480.0,3302.0,190.120193
03:23:40.511535,0,0,177,979.200012,7628.0,20815.599609,156.021194
03:23:44.512298,178,0,0,28089.599609,7144.0,26.0,93.043404
03:23:46.512542,0,178,0,9542.400391,31572.0,3317.600098,191.066193
03:23:48.512908,0,0,178,979.200012,7648.0,20930.0,156.666199
03:23:52.513610,179,0,0,28176.0,7176.0,31.200001,93.464798
03:23:54.513916,0,179,0,9600.0,31656.0,3328.0,191.616592
03:23:56.514251,0,0,179,998.400024,7700.0,20987.199219,157.242401
03:24:00.515075,180,0,0,28281.599609,7208.0,31.200001,93.955002
03:24:02.515258,0,180,0,9609.599609,31768.0,3354.0,192.2444
03:24:04.515594,0,0,180,1027.199951,7724.0,21127.599609,157.913193
03:24:08.516265,181,0,0,28435.199219,7236.0,20.799999,94.488197
03:24:10.516601,0,181,0,9657.599609,31904.0,3364.399902,192.880798
03:24:12.516967,0,0,181,998.400024,7764.0,21117.199219,158.446396
03:24:16.517578,182,0,0,28579.199219,7248.0,31.200001,94.952599
03:24:18.517974,0,182,0,9676.799805,31992.0,3380.0,193.431198
03:24:20.518341,0,0,182,1008.0,7816.0,21257.599609,159.263397
03:24:24.519012,183,0,0,28617.599609,7296.0,31.200001,95.434196
03:24:26.519378,0,183,0,9686.400391,32096.0,3385.199951,194.119202
03:24:28.519866,0,0,183,1008.0,7808.0,21299.199219,159.6418
03:24:32.520446,184,0,0,28780.800781,7328.0,31.200001,95.9244
03:24:34.520904,0,184,0,9696.0,32128.0,3400.800049,194.643799
03:24:36.521087,0,0,184,1017.599976,7864.0,21424.0,160.166397
03:24:40.521850,185,0,0,28953.599609,7348.0,31.200001,96.130798
03:24:42.522186,0,185,0,9715.200195,32248.0,3416.399902,195.374802
03:24:44.522521,0,0,185,1027.199951,7884.0,21481.199219,160.647995
03:24:48.523254,186,0,0,29040.0,7392.0,31.200001,96.698402
03:24:50.523712,0,186,0,9763.200195,32352.0,3452.800049,195.718796
03:24:52.523986,0,0,186,1036.800049,7932.0,21574.800781,161.370407
03:24:56.524688,187,0,0,29193.599609,7388.0,26.0,97.059601
03:24:58.524963,0,187,0,9772.799805,32436.0,3452.800049,196.3638
03:25:00.525329,0,0,187,998.400024,7952.0,21621.599609,162.032593
03:25:04.526062,188,0,0,29356.800781,7448.0,31.200001,97.592796
03:25:06.526367,0,188,0,9801.599609,32524.0,3468.399902,197.137802
03:25:08.526733,0,0,188,1036.800049,7984.0,21668.400391,162.565796
03:25:12.527435,189,0,0,29385.599609,7488.0,36.400002,97.919601
03:25:14.527770,0,189,0,9878.400391,32588.0,3478.800049,197.791397
03:25:16.528137,0,0,189,1065.599976,8016.0,21782.800781,163.030197
03:25:20.528839,190,0,0,29587.199219,7512.0,20.799999,98.513
03:25:22.529205,0,190,0,9888.0,32768.0,3510.0,198.178406
03:25:24.529632,0,0,190,1046.400024,8020.0,21845.199219,163.675201
03:25:28.530242,191,0,0,29692.800781,7536.0,31.200001,99.020401
03:25:30.530517,0,191,0,9907.200195,32824.0,3515.199951,198.832001
03:25:32.530822,0,0,191,1046.400024,8064.0,21933.599609,164.173996
03:25:36.531524,192,0,0,29750.400391,7564.0,20.799999,99.3386
03:25:38.531860,0,192,0,9916.799805,32856.0,3525.600098,199.287796
03:25:40.532287,0,0,192,1056.0,8092.0,22001.199219,164.810394
03:25:44.532836,193,0,0,29932.800781,7592.0,31.200001,99.656799
03:25:46.533233,0,193,0,9936.0,32956.0,3546.399902,200.078995
03:25:48.533477,0,0,193,1046.400024,8136.0,22048.0,165.515594
03:25:52.534210,194,0,0,29952.0,7632.0,31.200001,100.319
03:25:54.534484,0,194,0,9974.400391,33096.0,3536.0,200.792801
03:25:56.534790,0,0,194,1075.199951,8164.0,22178.0,166.065994
03:26:00.535461,195,0,0,30182.400391,7640.0,26.0,100.465202
03:26:02.535827,0,195,0,10041.599609,33152.0,3567.199951,201.308807
03:26:04.536102,0,0,195,1056.0,8172.0,22183.199219,166.453003
03:26:08.536895,196,0,0,30259.199219,7684.0,20.799999,101.075798
03:26:10.537200,0,196,0,10003.200195,33288.0,3567.199951,201.8936
03:26:12.537567,0,0,196,1056.0,8232.0,22287.199219,167.261398
03:26:16.538177,197,0,0,30403.199219,7708.0,36.400002,101.462799
03:26:18.538513,0,197,0,10051.200195,33328.0,3577.600098,202.220398
03:26:20.538909,0,0,197,1084.800049,8280.0,22391.199219,167.803207
03:26:24.539581,198,0,0,30508.800781,7712.0,31.200001,101.987396
03:26:26.539886,0,198,0,10099.200195,33392.0,3603.600098,203.071793
03:26:28.540222,0,0,198,1046.400024,8292.0,22422.400391,168.491196
03:26:32.540924,199,0,0,30604.800781,7780.0,31.200001,102.512001
03:26:34.541290,0,199,0,10080.0,33516.0,3629.600098,203.630798
03:26:36.541687,0,0,199,1065.599976,8328.0,22464.0,169.222198
03:26:40.542297,200,0,0,30729.599609,7784.0,31.200001,102.838799
03:26:42.542633,0,200,0,10128.0,33556.0,3634.800049,204.035004
03:26:44.542938,0,0,200,1094.400024,8352.0,22594.0,169.411407
03:26:48.543640,201,0,0,30825.599609,7824.0,41.599998,103.346199
03:26:50.543975,0,201,0,10156.799805,33648.0,3650.399902,204.568207
03:26:52.544342,0,0,201,1084.800049,8408.0,22656.400391,170.013397
03:26:56.545013,202,0,0,31008.0,7836.0,36.400002,103.845001
03:26:58.545532,0,202,0,10214.400391,33776.0,3676.399902,205.428207
03:27:00.545684,0,0,202,1084.800049,8416.0,22635.599609,170.5466
03:27:04.546478,203,0,0,31046.400391,7884.0,31.200001,104.197601
03:27:06.546691,0,203,0,10262.400391,33860.0,3707.600098,205.806595
03:27:08.547058,0,0,203,1094.400024,8456.0,22770.800781,171.174393
03:27:12.547790,204,0,0,31238.400391,7908.0,46.799999,104.619003
03:27:14.548156,0,204,0,10243.200195,33948.0,3697.199951,206.159195
03:27:16.548522,0,0,204,1065.599976,8492.0,22833.199219,171.836594
03:27:20.549346,205,0,0,31334.400391,7924.0,41.599998,104.937202
03:27:22.549591,0,205,0,10300.799805,33988.0,3718.0,207.010605
03:27:24.549926,0,0,205,1094.400024,8496.0,22916.400391,172.180603
03:27:28.550628,206,0,0,31440.0,7948.0,36.400002,105.504799
03:27:30.550964,0,206,0,10272.0,34116.0,3723.199951,207.397598
03:27:32.551300,0,0,206,1094.400024,8540.0,23004.800781,172.971802
03:27:37.052276,207,0,0,31449.599609,7944.0,36.400002,105.668198
03:27:39.052490,0,207,0,10320.0,34164.0,3749.199951,207.947998
03:27:41.052856,0,0,207,1132.800049,8556.0,23025.599609,173.565201
03:27:45.053497,208,0,0,31545.599609,7996.0,26.0,106.132599
03:27:47.053955,0,208,0,10358.400391,34228.0,3764.800049,208.446793
03:27:49.054199,0,0,208,1132.800049,8588.0,23108.800781,173.909195
03:27:53.054992,209,0,0,31689.599609,8012.0,36.400002,106.511002
03:27:55.055206,0,209,0,10348.799805,34308.0,3775.199951,209.022995
03:27:57.055572,0,0,209,1123.199951,8624.0,23197.199219,174.399399
03:28:01.056274,210,0,0,31785.599609,8052.0,36.400002,106.8722
03:28:03.056579,0,210,0,10425.599609,34480.0,3790.800049,209.7798
03:28:05.056915,0,0,210,1104.0,8644.0,23296.0,175.242203
03:28:09.057617,211,0,0,31881.599609,8032.0,36.400002,107.396797
03:28:11.057952,0,211,0,10444.799805,34544.0,3790.800049,210.149597
03:28:13.058288,0,0,211,1152.0,8704.0,23270.0,175.637802
03:28:17.058959,212,0,0,32035.199219,8096.0,15.6,107.835403
03:28:19.059295,0,212,0,10435.200195,34616.0,3816.800049,210.889206
03:28:21.059783,0,0,212,1113.599976,8712.0,23405.199219,176.248398
03:28:25.060241,213,0,0,32044.800781,8140.0,31.200001,108.256798
03:28:27.060638,0,213,0,10502.400391,34688.0,3832.399902,211.388
03:28:29.060821,0,0,213,1123.199951,8752.0,23488.400391,176.815994
03:28:33.061553,214,0,0,32169.599609,8144.0,41.599998,108.583603
03:28:35.061859,0,214,0,10464.0,34820.0,3858.399902,211.904007
03:28:37.062286,0,0,214,1142.400024,8788.0,23535.199219,177.400803
03:28:41.062866,215,0,0,32265.599609,8176.0,36.400002,109.065201
03:28:43.063354,0,215,0,10502.400391,34864.0,3863.600098,212.566193
03:28:45.063568,0,0,215,1152.0,8800.0,23628.800781,177.891006
03:28:49.064239,216,0,0,32428.800781,8192.0,26.0,109.469398
03:28:51.064605,0,216,0,10540.799805,34876.0,3868.800049,213.116592
03:28:53.064941,0,0,216,1132.800049,8844.0,23696.400391,178.252197
03:28:57.065551,217,0,0,32534.400391,8228.0,36.400002,109.701599
03:28:59.065917,0,217,0,10569.599609,35048.0,3889.600098,213.520798
03:29:01.066253,0,0,217,1161.599976,8860.0,23712.0,178.837006
03:29:05.067077,218,0,0,32601.599609,8228.0,31.200001,110.329399
03:29:07.067291,0,218,0,10598.400391,35100.0,3910.399902,213.890594
03:29:09.067657,0,0,218,1161.599976,8868.0,23800.400391,179.567993
03:29:13.068328,219,0,0,32774.398438,8308.0,20.799999,110.587402
03:29:15.068634,0,219,0,10588.799805,35180.0,3900.0,214.4496
03:29:17.069091,0,0,219,1152.0,8944.0,23862.800781,180.015198
03:29:21.069732,220,0,0,32889.601562,8308.0,31.200001,110.853996
03:29:23.070098,0,220,0,10579.200195,35260.0,3926.0,215.103195
03:29:25.070434,0,0,220,1161.599976,8932.0,23977.199219,180.582794
03:29:29.071136,221,0,0,32899.199219,8340.0,36.400002,111.387199
03:29:31.071472,0,221,0,10694.400391,35372.0,3941.600098,215.490204
03:29:33.071929,0,0,221,1171.199951,8972.0,23987.599609,181.133194
03:29:37.072479,222,0,0,33052.800781,8356.0,46.799999,111.903198
03:29:39.072845,0,222,0,10704.0,35440.0,3962.399902,216.324402
03:29:41.073150,0,0,222,1180.800049,9004.0,24107.199219,181.735199
03:29:45.073883,223,0,0,33139.199219,8356.0,26.0,112.195602
03:29:47.074249,0,223,0,10704.0,35496.0,3962.399902,216.642593
03:29:49.074615,0,0,223,1161.599976,9044.0,24143.599609,182.268402
03:29:53.075408,224,0,0,33168.0,8380.0,20.799999,112.591202
03:29:55.075775,0,224,0,10704.0,35616.0,3993.600098,216.977997
03:29:57.076080,0,0,224,1209.599976,9080.0,24143.599609,182.449005
03:30:01.076904,225,0,0,33360.0,8444.0,36.400002,113.0298
03:30:03.077117,0,225,0,10704.0,35688.0,3993.600098,217.837997
03:30:05.077453,0,0,225,1190.400024,9124.0,24278.800781,183.076797
03:30:09.078094,226,0,0,33484.800781,8464.0,41.599998,113.408203
03:30:11.078460,0,226,0,10761.599609,35764.0,4019.600098,218.070206
03:30:13.078826,0,0,226,1190.400024,9160.0,24315.199219,183.678802
03:30:17.079559,227,0,0,33590.398438,8484.0,31.200001,113.924202
03:30:19.079833,0,227,0,10809.599609,35840.0,4050.800049,218.878601
03:30:21.080200,0,0,227,1190.400024,9176.0,24424.400391,184.315201
03:30:25.080871,228,0,0,33609.601562,8496.0,36.400002,114.250999
03:30:27.081207,0,228,0,10848.0,35872.0,4045.600098,219.153793
03:30:29.081573,0,0,228,1200.0,9188.0,24424.400391,184.753799
03:30:33.082275,229,0,0,33724.800781,8536.0,31.200001,114.5606
03:30:35.082580,0,229,0,10886.400391,36008.0,4056.0,219.729996
03:30:37.082946,0,0,229,1209.599976,9208.0,24533.599609,185.398804
03:30:41.083618,230,0,0,33801.601562,8564.0,36.400002,115.085197
03:30:43.083984,0,230,0,10876.799805,36072.0,4082.0,220.435196
03:30:45.084381,0,0,230,1200.0,9268.0,24580.400391,185.7686
03:30:49.084991,231,0,0,33907.199219,8592.0,26.0,115.506599
03:30:51.085449,0,231,0,10905.599609,36144.0,4076.800049,220.650208
03:30:53.085662,0,0,231,1200.0,9272.0,24653.199219,186.172806
03:30:57.086395,232,0,0,34051.199219,8616.0,36.400002,115.773201
03:30:59.086700,0,232,0,10905.599609,36196.0,4087.199951,221.398407
03:31:01.087036,0,0,232,1190.400024,9316.0,24710.400391,186.826401
03:31:05.087738,233,0,0,34118.398438,8600.0,36.400002,116.125801
03:31:07.088043,0,233,0,10972.799805,36308.0,4082.0,221.948807
03:31:09.088439,0,0,233,1228.800049,9328.0,24804.0,187.385406
03:31:13.089233,234,0,0,34224.0,8648.0,52.0,116.745003
03:31:15.089447,0,234,0,11011.200195,36372.0,4123.600098,222.155197
03:31:17.089782,0,0,234,1238.400024,9372.0,24840.400391,187.781006
03:31:21.090484,235,0,0,34320.0,8684.0,41.599998,116.959999
03:31:23.090911,0,235,0,10963.200195,36444.0,4118.399902,222.843201
03:31:25.091278,0,0,235,1209.599976,9404.0,24897.599609,188.262604
03:31:29.091949,236,0,0,34512.0,8704.0,36.400002,117.432999
03:31:31.092254,0,236,0,11040.0,36544.0,4170.399902,223.4366
03:31:33.092590,0,0,236,1248.0,9428.0,24902.800781,188.761398
03:31:37.093261,237,0,0,34550.398438,8736.0,36.400002,117.811401
03:31:39.093597,0,237,0,11001.599609,36624.0,4180.799805,223.634399
03:31:41.093994,0,0,237,1257.599976,9444.0,25027.599609,189.337601
03:31:45.094573,238,0,0,34665.601562,8736.0,41.599998,117.931801
03:31:47.095031,0,238,0,11078.400391,36684.0,4196.399902,224.305206
03:31:49.095336,0,0,238,1238.400024,9488.0,25084.800781,189.810593
03:31:53.096069,239,0,0,34732.800781,8776.0,36.400002,118.688599
03:31:55.096435,0,239,0,11116.799805,36692.0,4180.799805,224.786804
03:31:57.096862,0,0,239,1257.599976,9484.0,25157.599609,190.472794
03:32:01.097442,240,0,0,34867.199219,8760.0,46.799999,118.963799
03:32:03.097869,0,240,0,11116.799805,36816.0,4201.600098,225.311401
03:32:05.098052,0,0,240,1257.599976,9548.0,25230.400391,190.971603
03:32:09.098815,241,0,0,34934.398438,8808.0,41.599998,119.324997
03:32:11.099060,0,241,0,11136.0,36864.0,4232.799805,225.672607
03:32:13.099426,0,0,241,1228.800049,9596.0,25246.0,191.504807
03:32:17.100158,242,0,0,35049.601562,8848.0,36.400002,119.617401
03:32:19.100494,0,242,0,11174.400391,36984.0,4232.799805,226.343399
03:32:21.100830,0,0,242,1267.199951,9588.0,25329.199219,191.737
03:32:25.101562,243,0,0,35184.0,8848.0,41.599998,119.995804
03:32:27.101898,0,243,0,11193.599609,37104.0,4238.0,226.936798
03:32:29.102264,0,0,243,1257.599976,9620.0,25402.0,192.382004
03:32:33.102966,244,0,0,35251.199219,8888.0,41.599998,120.486
03:32:35.103302,0,244,0,11232.0,37116.0,4253.600098,227.194794
03:32:37.103698,0,0,244,1286.400024,9672.0,25454.0,192.975403
03:32:41.104400,245,0,0,35366.398438,8904.0,46.799999,120.993401
03:32:43.104766,0,245,0,11193.599609,37204.0,4279.600098,227.779602
03:32:45.105102,0,0,245,1257.599976,9684.0,25511.199219,193.267807
03:32:49.105743,246,0,0,35472.0,8928.0,36.400002,121.1912
03:32:51.106079,0,246,0,11270.400391,37324.0,4274.399902,228.252594
03:32:53.106536,0,0,246,1276.800049,9720.0,25526.800781,193.818207
03:32:57.107208,247,0,0,35539.199219,8952.0,36.400002,121.758797
03:32:59.107696,0,247,0,11308.799805,37376.0,4321.200195,228.889008
03:33:01.107879,0,0,247,1276.800049,9732.0,25630.800781,194.308395
03:33:05.108581,248,0,0,35683.199219,8988.0,5.2,121.8964
03:33:07.108947,0,248,0,11308.799805,37400.0,4310.799805,229.069595
03:33:09.109313,0,0,248,1257.599976,9772.0,25688.0,194.927597
03:33:13.109954,249,0,0,35731.199219,9012.0,26.0,122.352203
03:33:15.110382,0,249,0,11270.400391,37440.0,4326.399902,229.843597
03:33:17.110626,0,0,249,1267.199951,9812.0,25714.0,195.366196
03:33:21.111480,250,0,0,35836.800781,9024.0,26.0,122.722
03:33:23.111694,0,250,0,11347.200195,37556.0,4347.200195,230.170395
03:33:25.111999,0,0,250,1296.0,9832.0,25823.199219,195.890793
03:33:29.112640,251,0,0,35884.800781,9028.0,36.400002,123.195
03:33:31.112976,0,251,0,11376.0,37696.0,4347.200195,230.695007
03:33:33.113342,0,0,251,1305.599976,9840.0,25885.599609,196.329407
03:33:37.113983,252,0,0,36038.398438,9076.0,36.400002,123.478798
03:33:39.114318,0,252,0,11376.0,37732.0,4383.600098,231.090607
03:33:41.114654,0,0,252,1296.0,9904.0,25916.800781,196.793793
03:33:45.115325,253,0,0,36124.800781,9076.0,41.599998,123.848602
03:33:47.115692,0,253,0,11452.799805,37820.0,4388.799805,231.701202
03:33:49.116088,0,0,253,1276.800049,9916.0,25974.0,197.335602
03:33:53.116699,254,0,0,36259.199219,9132.0,41.599998,124.278603
03:33:55.117095,0,254,0,11462.400391,37900.0,4383.600098,232.208603
03:33:57.117401,0,0,254,1305.599976,9956.0,26031.199219,197.7742
03:34:01.118072,255,0,0,36326.398438,9128.0,41.599998,124.631203
03:34:03.118408,0,255,0,11414.400391,37908.0,4409.600098,232.5354
03:34:05.118865,0,0,255,1305.599976,9984.0,26156.0,198.427795
